"","initial_weight","final_weight","group"
"1",74.6480878594672,68.1738325520263,1
"2",83.5640649532477,92.049868542302,1
"3",85.2376612072275,83.1352673325237,1
"4",44.3409312915425,44.4188866697556,1
"5",64.5179179460215,68.050915165853,1
"6",76.8927273913596,82.86648219094,1
"7",55.2370577689827,56.5372967998786,1
"8",62.9230480292884,67.2993179781634,1
"9",81.0232736084142,68.9901474134772,1
"10",83.6702172013415,77.8942557359396,1
"11",73.660097255169,80.2819376308745,1
"12",69.6322484368417,62.7075077070342,1
"13",78.8068257623038,76.1654847285473,1
"14",72.0260109268086,69.2712961894656,1
"15",74.2990424467211,78.2213039393906,1
"16",54.7807311925038,61.9269456002044,1
"17",73.8977153639107,78.5487904263177,1
"18",47.422201958278,51.1344088582907,1
"19",53.5341863335447,60.1717224109388,1
"20",81.6460968225548,81.157747942846,1
"21",70.4633521671801,78.3241609945931,1
"22",72.540207727167,67.7755159844019,1
"23",87.063161349298,89.0462218429144,1
"24",69.7204425469632,75.9269189136426,1
"25",58.9106531043241,63.5336527371155,1
"26",73.0269791293009,70.5011280892899,1
"27",87.3842628168501,77.142666687864,1
"28",65.8873170528629,70.2019046955513,1
"29",46.0452142627002,50.637683218199,1
"30",56.7841307060639,70.3502947425607,1
"31",64.0719861648235,60.7089377041421,1
"32",92.0910845145724,83.1223473472701,1
"33",79.8344653809066,67.9156502250191,1
"34",68.2041390588212,74.6233051293082,1
"35",65.9231972873291,69.669842594472,1
"36",85.0944015326235,84.3349958538324,1
"37",71.2248340512369,72.734088696259,1
"38",65.537814678447,59.8407311413728,1
"39",58.2240240504533,63.6901736984754,1
"40",73.3447813410017,69.3242153819705,1
"41",70.4047755396731,82.1809285094246,1
"42",70.9729253216491,65.5026994077027,1
"43",77.8180465182538,86.3321266694227,1
"44",53.4270293241576,58.3433510966177,1
"45",60.5473808342593,66.0558066077862,1
"46",78.1588602112408,69.775917568522,1
"47",77.2023151423897,70.1139296105219,1
"48",51.830472597581,55.1288476294092,1
"49",77.7672462438543,65.9728629119372,1
"50",72.0857541896153,72.506076672942,1
"51",56.513717221139,61.5583202163235,1
"52",66.9231860306796,58.7299263844224,1
"53",72.1574045155442,72.0087197750931,1
"54",81.3410475409726,80.4285447559899,1
"55",79.7518420210218,82.5803634196551,1
"56",70.092001224086,71.3111960833585,1
"57",77.0103718762233,61.4579835828394,1
"58",56.9332468752668,62.9744521636078,1
"59",64.2853697758512,67.0386028759544,1
"60",75.0432847509537,58.0511998267731,1
"61",62.5504998204537,68.8179422217054,1
"62",74.0049654592623,58.8119522677108,1
"63",64.0865071612273,84.7149549151299,1
"64",68.5940948028388,63.9358131220174,1
"65",52.53956113535,45.0494930232405,1
"66",69.1023892258119,78.889299224193,1
"67",90.5649347539955,82.9923895701649,1
"68",57.824094803705,67.2817593396641,1
"69",66.4283150385506,64.6613272966895,1
"70",48.5385768542186,51.4671615822704,1
"71",82.8104300352354,85.0758644744816,1
"72",64.6639120401732,70.2731989588711,1
"73",59.6592641159738,49.807892251173,1
"74",79.3016971861602,67.7139229349121,1
"75",70.2398613668166,64.282271291169,1
"76",75.1397820255663,77.6367184470677,1
"77",82.2165486837041,73.8048007810758,1
"78",72.4428949886397,67.6955379948066,1
"79",61.4531217580472,62.9718308363478,1
"80",74.8314105026325,80.1988647995759,1
"81",70.4078756079925,61.8657781925257,1
"82",57.7767462985058,65.4808504850479,1
"83",71.912643143881,72.9803978046332,1
"84",73.0190786116354,59.2144539837803,1
"85",64.0650782048112,65.9282019796206,1
"86",86.3713749684322,90.2633733772613,1
"87",70.9724740436323,58.0043355769384,1
"88",60.52676298528,61.1244873193198,1
"89",63.0333333180156,59.0787454551612,1
"90",75.0800052763966,88.3838003070025,1
"91",69.1890511745432,71.3317415445315,1
"92",56.0718070783338,66.1361578155325,1
"93",70.4693097249396,68.5135026838395,1
"94",67.8765382866079,58.7388372903729,1
"95",82.8595693211285,90.2023165815183,1
"96",79.3535832480164,77.7413993668507,1
"97",63.7601147820094,66.1460076873911,1
"98",76.3223100014308,59.7649947433603,1
"99",47.777138172247,55.4242334057657,1
"100",77.2166961857835,65.6568353242092,1
"101",66.6261908852768,68.3742613940075,1
"102",81.0450953037989,87.234233875703,1
"103",88.2145913566955,82.3231796159862,1
"104",67.8751631304084,63.6298249909782,1
"105",74.4250735696912,77.5257842861666,1
"106",79.4152701266026,91.6486523130429,1
"107",75.6107992830361,74.6760259356895,1
"108",65.1260693100927,73.3252705070548,1
"109",79.0828705780749,80.4712341497701,1
"110",61.0244653660797,57.3122472716504,1
"111",82.0137249069957,65.7092893696797,1
"112",44.6086656710177,56.0435534279839,1
"113",57.4517533957972,64.8946662814253,1
"114",67.7759658702953,88.123199179247,1
"115",77.4340324672807,75.8996156062764,1
"116",48.4517867474629,44.6972009525593,1
"117",64.3757944063073,73.7992011962058,1
"118",59.1136531205865,62.6430095556672,1
"119",65.3294090082644,69.0268637762007,1
"120",82.0482500014071,84.2349097774729,1
"121",60.4069408614793,56.675421013769,1
"122",55.8801242860049,51.508279635511,1
"123",72.9857999280498,74.9508422761992,1
"124",75.6223436138401,61.775788752978,1
"125",77.1245245478327,63.8648849517912,1
"126",79.0962897238863,67.5927645264166,1
"127",52.2012791057471,45.5784015248959,1
"128",74.4968486660133,82.4719460728095,1
"129",80.1003603542565,76.9491656726375,1
"130",61.1155041318481,69.6659288420161,1
"131",74.801006327325,76.8680814895794,1
"132",76.643585335279,67.2438898611415,1
"133",73.8339782304613,81.6826603936067,1
"134",69.4170244581333,51.3368300773036,1
"135",61.745695498615,62.2404852790324,1
"136",75.132725376646,73.2630313217979,1
"137",55.7967377307908,61.9321213795559,1
"138",63.7371630908327,58.0031683163328,1
"139",81.0220438634166,85.1876979386937,1
"140",60.5152314208448,59.6919986677792,1
"141",63.8494553493449,58.6666021781257,1
"142",78.8050921780431,80.9747102091768,1
"143",75.3282369748213,72.7454701271363,1
"144",69.3556450485075,79.7174791997539,1
"145",61.1931273786426,64.5371575652142,1
"146",45.9195517985299,39.9655007652987,1
"147",75.1460455705,72.8103328325036,1
"148",66.52846383434,69.5158775983298,1
"149",58.7798736831354,74.3513183324814,1
"150",71.7251684865679,65.6684814565169,1
"151",76.8881716667995,90.1551742496267,1
"152",41.7822239409309,58.4790362635465,1
"153",72.2861062824823,82.7727149845822,1
"154",87.5538838954189,88.8530539081227,1
"155",81.2422389129755,65.2012659932672,1
"156",65.7217469226174,53.3645119020561,1
"157",69.6361575720134,59.2326367481422,1
"158",61.8277124294798,67.4460026954578,1
"159",52.6797162896656,67.7677718036668,1
"160",83.7176331036605,81.5963984289578,1
"161",81.3810997481219,77.1125672325009,1
"162",72.0732851109016,70.5863845762193,1
"163",57.3078459249474,59.630917901037,1
"164",62.4887566757894,73.1399048499585,1
"165",60.065888218158,70.5650115267745,1
"166",65.8545784889628,51.2229577079289,1
"167",62.8120113511791,57.1921359498071,1
"168",79.335364701415,85.56967826031,1
"169",73.2457264640431,77.1764424355225,1
"170",90.9724438827504,83.2998498227907,1
"171",93.1275045810982,81.2799874727117,1
"172",72.9614996818076,66.8855973735883,1
"173",58.6445247399662,53.630589082359,1
"174",62.6863217724344,71.0368615287164,1
"175",64.8816269541407,64.2789530125378,1
"176",56.4375532802895,62.7268058681178,1
"177",83.8984554486343,85.4066241934728,1
"178",65.0512890400531,71.4081103235753,1
"179",80.5561639012723,72.2265478189845,1
"180",72.3865855544095,63.4621086480443,1
"181",60.5849759619995,68.2656343531433,1
"182",90.1609380453713,78.7623725588034,1
"183",73.2349490366768,63.3958486573019,1
"184",74.6508340941366,73.3889534940649,1
"185",68.3499644069298,62.3689715227716,1
"186",77.8511655215709,80.4879447835045,1
"187",76.9200009734314,70.6382362510147,1
"188",52.8343878908515,59.1674303267258,1
"189",65.1200586793207,74.3880253461982,1
"190",65.2590616915274,73.253192547249,1
"191",67.8002620770633,72.122829046221,1
"192",58.7657182784897,54.0695381331276,1
"193",73.0513589368268,61.4129374131907,1
"194",62.8158146750373,65.8079024462334,1
"195",79.6773036173749,79.9124189503548,1
"196",56.1464475253214,59.437408005469,1
"197",65.7761417731065,61.1906403259269,1
"198",59.0921634654368,42.645390748149,1
"199",63.8698947770741,61.3456831078977,1
"200",66.7932380217763,66.4685859753312,1
"201",67.9224590130822,60.937604802536,1
"202",66.364832989961,64.2056375995643,1
"203",72.3444407721319,75.7416295400311,1
"204",76.2272438999552,69.1834444977224,1
"205",63.9917906625694,80.1892100845417,1
"206",59.4844966860282,63.7869533551994,1
"207",74.6330667918682,68.8989262214789,1
"208",60.681123394649,62.472377440933,1
"209",70.1938391381617,71.8245923664498,1
"210",69.1469673779988,77.9609506392615,1
"211",64.9526798042726,58.7925428096431,1
"212",77.5382521252711,86.0911271724389,1
"213",58.3132161057582,70.6051672666892,1
"214",78.8089686666084,78.5696266217168,1
"215",74.666454457156,66.7128472805921,1
"216",80.9439000298687,71.2588993081487,1
"217",67.8491568906863,59.2059184445284,1
"218",79.278556859821,77.4604935207685,1
"219",74.4203861196303,68.7067010056248,1
"220",50.6194700560057,68.8963808265444,1
"221",69.9030971066171,75.1022208070341,1
"222",84.1924159442309,80.0781248755382,1
"223",59.9448742678732,66.5472808317067,1
"224",73.9812595673234,72.7414248064707,1
"225",58.6802988654098,64.0206297463881,1
"226",61.545884582827,64.7035130503152,1
"227",74.4005655994251,77.1525465813006,1
"228",68.9348966268541,74.1938808973572,1
"229",73.3630808255481,78.6015350596661,1
"230",71.9380417878048,76.5784844415414,1
"231",67.8474565821291,58.5367556727895,1
"232",79.6180759447548,82.5908559036982,1
"233",81.222671327872,71.4824108914385,1
"234",64.1344882818385,56.3143733870493,1
"235",76.9812106676107,65.012180470075,1
"236",64.286426091298,70.0374306468443,1
"237",57.0376618561414,51.5903519939581,1
"238",74.2698285621354,78.5708453367793,1
"239",85.5773406656104,72.6401176543867,1
"240",68.3653640838759,72.604595898886,1
"241",68.2405833443999,66.1317932004038,1
"242",63.0332066471901,70.9695610490484,1
"243",68.2415684482807,69.5606997186708,1
"244",77.5102874616045,81.3532085164834,1
"245",66.9770638116179,71.9155971068267,1
"246",67.5490841544242,63.460565344904,1
"247",69.7158303782158,51.8224303442727,1
"248",64.4560662360162,63.7496522110081,1
"249",62.3859554662626,62.313173884727,1
"250",77.0753367246939,62.728427063734,1
"251",69.4239443536311,60.0345316035517,1
"252",51.1383762753108,58.3566060538525,1
"253",73.275269656779,84.6300686825701,1
"254",74.2479293102033,80.7510462373431,1
"255",78.235926636196,77.058631864009,1
"256",68.7194876671279,69.1898506827128,1
"257",82.3084881352203,86.7529886892671,1
"258",70.3359167432034,86.6806807439849,1
"259",82.0578173701756,87.1450996680903,1
"260",73.9923782229438,71.5056515082122,1
"261",71.5292972020159,66.9613191593747,1
"262",74.2935995110007,67.8563286826843,1
"263",61.3454970783614,73.0768817368312,1
"264",69.7239575343091,74.1634360442799,1
"265",53.6624369847205,55.2425777135648,1
"266",71.2280883753022,64.4048363801961,1
"267",76.6199693122203,77.374130824855,1
"268",67.6479218203003,73.5695454395649,1
"269",84.3772176213103,73.8474512522386,1
"270",84.5847386485726,68.9175526715528,1
"271",71.9179709975769,76.338772497696,1
"272",76.3849831109173,80.6395353552926,1
"273",66.6683305776536,67.5449220760708,1
"274",74.9257790117025,73.5913910495911,1
"275",76.1382119151608,81.0131443103386,1
"276",56.7202389451851,64.8098513857132,1
"277",56.814405032376,63.768667823806,1
"278",58.9653113781153,55.3210288485751,1
"279",86.9485591328726,88.0933295933391,1
"280",70.402222069417,63.5987649358576,1
"281",62.1752894454738,65.9317730504295,1
"282",75.4656521776093,81.5588521067257,1
"283",76.1135920067121,78.0251544134293,1
"284",71.3944357040271,74.4358857387648,1
"285",82.7570541506061,78.70979698023,1
"286",68.218988700441,76.6024027786184,1
"287",73.4864260213055,78.0244691455818,1
"288",80.5649727271717,73.7353780560455,1
"289",54.0945671473676,67.8880245200646,1
"290",69.5541444223387,62.776805634623,1
"291",88.3626973406504,89.3158971733936,1
"292",62.0480186995373,55.4862431804342,1
"293",75.2348867641573,76.1684400263834,1
"294",60.6793829576173,61.0465169975904,1
"295",76.9233818933885,67.4841762825009,1
"296",74.62171445333,68.7820129507326,1
"297",64.6445244087316,71.504849186093,1
"298",73.7744502494399,66.1524512603956,1
"299",59.2267688542861,56.9893116834514,1
"300",56.6593884784407,49.7511238229883,1
"301",60.7955596056639,58.4125858508996,1
"302",51.4537970644346,47.0100401293161,1
"303",67.3340075734283,75.9014368923949,1
"304",71.0479423096833,63.7040711034194,1
"305",61.3622027515874,54.3707555376956,1
"306",80.4551149543596,66.0542818798208,1
"307",63.7856063350866,63.5484413650612,1
"308",66.0878378755155,58.2697520194994,1
"309",58.3281101209322,66.507202419659,1
"310",60.8435324482018,72.0291186408004,1
"311",84.4108233510895,81.567255191097,1
"312",69.6008909041113,68.5628762208275,1
"313",75.0131077413112,69.0882865860924,1
"314",90.8514393224728,91.8635632278928,1
"315",75.7205449799278,73.0350091903897,1
"316",75.9945839896366,87.0341396166294,1
"317",72.2267381182948,74.6727266921707,1
"318",74.4206842346797,71.2845568295452,1
"319",76.3950364434434,82.9673552002627,1
"320",74.5044814256224,76.2788887981523,1
"321",47.7810172555462,43.8527567628695,1
"322",68.2623424743265,72.4160833714109,1
"323",81.9092916365746,73.357609468967,1
"324",62.94012286428,67.0009584736867,1
"325",78.7496594756986,78.3108751209148,1
"326",62.6327471114835,62.4403264981587,1
"327",75.1055160764939,82.3548285707774,1
"328",81.9528047878631,70.7939756101986,1
"329",64.1092227994495,62.1063786391373,1
"330",75.313152982059,69.9033552023064,1
"331",70.3703770683052,68.473322129201,1
"332",81.8913559400103,74.4646933623824,1
"333",73.7791728308704,75.2823343083449,1
"334",83.6770305111828,80.6539433120864,1
"335",51.4141566548986,49.4415722171167,1
"336",47.1774798868777,43.6786210888597,1
"337",67.4919943053623,68.1968715823882,1
"338",68.2559393412789,62.1500719291491,1
"339",78.1585646982673,80.3122470760469,1
"340",69.7265230237405,65.250139033006,1
"341",67.9288015832443,70.7744897805604,1
"342",75.0914357423867,73.3637896881561,1
"343",63.8859983056781,47.3976041280604,1
"344",85.9901339007521,81.3811744313721,1
"345",41.1043060616201,31.0141296538063,1
"346",78.3883099940919,72.8437260806543,1
"347",64.8307293495017,71.0117779941614,1
"348",70.4499184963782,77.1180598568879,1
"349",71.070257098274,76.5717750781211,1
"350",83.6426579891222,83.5367635169194,1
"351",71.8562741675511,68.6002788785952,1
"352",66.8686998826554,76.9119381254447,1
"353",69.2098609658274,78.8835643326841,1
"354",62.7964090753219,69.7762361423456,1
"355",75.3480486581097,74.0159040092467,1
"356",68.0383759329611,69.3063680033725,1
"357",72.8925403257621,71.8877016880513,1
"358",55.5332652335863,56.8726190663053,1
"359",82.5046286254897,100.856559179866,1
"360",73.3631327678452,75.4643738912711,1
"361",63.1374557568774,67.1759200620723,1
"362",84.6026467685158,91.3674792064049,1
"363",73.5751914186613,74.0787895390081,1
"364",55.1891232306992,65.0063752535329,1
"365",70.6260134368586,69.7861751296108,1
"366",60.2981590877823,73.307395316686,1
"367",61.537302482576,62.3278869308898,1
"368",73.0544452180183,78.1551739718547,1
"369",53.6250861222133,58.0426326775197,1
"370",67.5459595807574,71.9599639141928,1
"371",80.5867634564058,81.7112555638669,1
"372",84.6493590767226,65.9844404521119,1
"373",67.7774494825113,67.0385936607047,1
"374",65.3335961018967,69.2950464611974,1
"375",61.390864524661,61.2806323217758,1
"376",71.1664993125084,64.3721475400995,1
"377",70.1903936007448,70.6440636179037,1
"378",76.1707524480767,62.569202840585,1
"379",70.7312915745429,80.3677103737106,1
"380",73.488974869739,77.5002389998953,1
"381",67.2156433967584,70.653651729273,1
"382",68.4600925155062,74.9888328905112,1
"383",70.7473416535628,82.0618134688835,1
"384",65.8772783169675,68.6839608469222,1
"385",62.7706578712365,55.7562929477984,1
"386",42.521798384207,53.3154279020077,1
"387",73.4401867320211,66.0269365547362,1
"388",56.9236037001888,42.9388261303727,1
"389",77.3931177345903,74.0108553457968,1
"390",60.771586348348,64.5222453232235,1
"391",83.3295891098028,73.3255813483715,1
"392",59.554876223658,64.2119519495435,1
"393",60.6858289846207,60.7052745491475,1
"394",70.0492442930013,62.8174168442807,1
"395",63.0869224188587,60.7195797557031,1
"396",66.6576984968537,74.8585361582743,1
"397",57.458099094567,68.6284272448562,1
"398",70.4374432594305,75.348983714083,1
"399",66.7923841669412,69.3660756517535,1
"400",67.2723613244653,63.3595856372804,1
"401",80.3877121371898,73.2869821032691,1
"402",76.2964649099978,66.3115820509589,1
"403",59.0364233034827,59.1325667998459,1
"404",61.5905225219267,69.2448603080442,1
"405",74.8077648114076,83.7716561336075,1
"406",44.2246613348223,55.5723895243981,1
"407",62.5716313952698,59.5099899366333,1
"408",83.3343407459505,75.3285075575126,1
"409",67.2958832020338,71.7948274467136,1
"410",78.2312908982022,75.3764382044579,1
"411",66.4462494474911,76.8870512697651,1
"412",80.5782357468084,75.0751423658137,1
"413",41.0363856822096,51.064076743794,1
"414",76.1625429079742,82.8896262999333,1
"415",85.6904379820833,80.9153033388844,1
"416",77.6665738265489,75.8711976092399,1
"417",81.9813697641764,83.0908575468188,1
"418",78.9001086365293,76.5167176217508,1
"419",84.4977179645122,86.3254137674086,1
"420",87.1176977845928,81.9179255051514,1
"421",56.8772531807611,58.0929639026612,1
"422",68.3771805514015,75.2455280943495,1
"423",62.3145887392174,63.3713016350866,1
"424",56.6569799395866,60.9261721095218,1
"425",57.2502498664319,63.9841709612977,1
"426",76.4436322576955,85.0544547180795,1
"427",65.7594887231531,76.469705302512,1
"428",77.6786320598335,70.2150957533295,1
"429",62.1211112828461,64.4235943531625,1
"430",68.663729517174,69.0239338521365,1
"431",64.8861083479991,78.4190217968705,1
"432",82.9939707377407,84.6841974080661,1
"433",59.7859435200523,71.1622971318089,1
"434",53.6694156316089,49.0021093005955,1
"435",70.4076725022451,83.0458465883924,1
"436",83.1127321792573,81.2349698004302,1
"437",63.1111775360552,59.4245359855785,1
"438",70.9266389790687,61.7192600234017,1
"439",56.6157663024238,58.1092301895272,1
"440",73.3741447373681,81.4579151901387,1
"441",43.1396386938937,47.9273071202121,1
"442",77.1015326157648,75.6355152757445,1
"443",68.8085707092903,71.2290659439297,1
"444",73.0476403032046,58.2542915736606,1
"445",68.2805267589339,76.8588122729476,1
"446",57.7256547169967,76.569819181051,1
"447",80.832975312615,89.1631629984839,1
"448",69.5018706550038,61.0718585637674,1
"449",66.5944303137493,68.4447565332719,1
"450",72.5687957975189,78.000231795095,1
"451",63.5795018066466,62.3335326754871,1
"452",60.704831481895,71.2917578236454,1
"453",69.2114795996648,70.4325095581077,1
"454",62.4594841459194,54.1428007776452,1
"455",70.5843583185397,65.0532511997641,1
"456",64.80529108261,65.8535589226796,1
"457",69.8903188554842,69.4433159636434,1
"458",74.5415864060691,82.1153653152718,1
"459",52.2561622489206,67.938506220119,1
"460",88.4087388731496,83.5983643419288,1
"461",70.4855393293214,72.8308639636975,1
"462",70.2468452688425,82.1125677534155,1
"463",49.5864838720652,57.6170932697751,1
"464",58.0563910286104,63.7872362828841,1
"465",71.41237354097,73.9802561343241,1
"466",62.4213045953006,74.3268100402667,1
"467",56.1812470081619,56.8685676392661,1
"468",72.1049134139181,75.7507374985452,1
"469",75.8845708177085,60.4521007365673,1
"470",71.6657537429957,79.0485351307384,1
"471",78.3096679646501,67.2577990827864,1
"472",71.9943832841596,59.7160223791362,1
"473",75.6100282415715,85.8818749026861,1
"474",59.6356317703358,73.6747793569505,1
"475",89.4835934297327,84.737298757662,1
"476",64.433365032571,71.4309288221378,1
"477",75.4716038818052,81.6198872617285,1
"478",62.7395806265674,76.7015405902124,1
"479",67.0550885635215,72.4014203912465,1
"480",79.9175780883129,74.4695643367088,1
"481",69.1280778456102,77.6815568581669,1
"482",86.8330718067766,83.5228089361973,1
"483",60.9356407334301,63.4755777049506,1
"484",58.5825065902583,59.0414832393464,1
"485",45.6354487609306,62.3092230946983,1
"486",64.6594218751684,77.2586509753752,1
"487",83.6596846579599,85.857419432277,1
"488",93.1253154810759,83.5929447993822,1
"489",73.3347010823451,74.3254110430115,1
"490",71.909017182174,75.1349884003137,1
"491",71.3283512371482,61.1248269266924,1
"492",65.6969317224512,74.4814521507105,1
"493",60.0763691587615,67.4665817792399,1
"494",59.4828530223358,58.8981263592218,1
"495",64.081973720962,66.8477867577021,1
"496",48.7694824792737,45.6066264248173,1
"497",75.4958099183207,67.2242353948635,1
"498",56.1220744166198,62.1512427231956,1
"499",55.4276545290274,61.6535616922894,1
"500",89.8556555396314,85.6973335045111,1
"501",60.9074663258892,76.108134462322,1
"502",79.3951539805056,74.6586906805932,1
"503",72.6127663275394,73.1923804587341,1
"504",65.5400326820563,59.4762230682233,1
"505",82.382966015153,75.7777425298759,1
"506",79.9026403723434,85.886820069897,1
"507",77.6957906091875,80.545560209242,1
"508",38.3218226854882,37.7965583576509,1
"509",71.6674707631463,88.1332599570299,1
"510",69.5722192122691,67.7620037804949,1
"511",74.2423637005149,74.6197261126915,1
"512",64.0456448647351,67.8814356322302,1
"513",74.804331286257,68.2361651434892,1
"514",74.1091010920068,81.2677583017584,1
"515",62.7473215920999,59.8839091371623,1
"516",74.6390803075505,75.9049856218234,1
"517",80.5142047270589,83.5999323012985,1
"518",54.589777799613,52.5297355021204,1
"519",83.7972003361922,77.8086601847345,1
"520",69.8996185830235,72.5759981425464,1
"521",56.4840126987239,64.3866575121018,1
"522",55.7117255838785,54.8752307866554,1
"523",74.0817020812769,65.5456447445093,1
"524",56.1916534510425,58.1864203321666,1
"525",72.0161306207389,76.1757294887009,1
"526",77.0922301309599,77.2396136829501,1
"527",68.2536163729185,70.31090351259,1
"528",78.4734937603761,74.1241425109648,1
"529",50.532784944382,52.6711670156634,1
"530",78.0183725237403,74.1136914356172,1
"531",77.2762433272891,72.477170614426,1
"532",73.6857527497218,79.2169416926783,1
"533",51.5230515123586,55.1290968845394,1
"534",54.856733284913,49.8631211590627,1
"535",63.0709923252089,76.6605637878718,1
"536",60.045187538652,76.2572274344972,1
"537",70.983728414774,65.1245525806183,1
"538",81.7270117915019,78.3608581193346,1
"539",80.4659075696085,71.3400470513559,1
"540",68.5719656422855,66.8195036889787,1
"541",75.7733238122109,65.6854078668302,1
"542",46.9590409722789,48.0019211975488,1
"543",61.1701563811662,52.3287286273315,1
"544",58.5901985220841,56.7154528446076,1
"545",76.3196338225775,66.2156345162631,1
"546",77.373968623015,75.9837072048597,1
"547",58.6330363968363,64.3739432134755,1
"548",67.6437264612176,62.5137662361777,1
"549",72.346265249598,76.509323080349,1
"550",77.8670854484263,76.8459655293988,1
"551",73.5127958571985,75.7955919050373,1
"552",77.2425883920166,86.5507528349243,1
"553",57.2598316157296,51.0790164643778,1
"554",71.6011825036298,66.4079138050773,1
"555",75.3492679357016,62.9569134895801,1
"556",66.0507125724253,58.7651827147659,1
"557",66.9518317014632,68.4444112675507,1
"558",69.9448544852429,69.9612574308254,1
"559",58.8691626130225,65.3321771210667,1
"560",60.2602369396223,63.3978570877373,1
"561",67.0080177275341,55.164630919667,1
"562",78.468927789074,72.4766358596126,1
"563",62.118557156888,63.1996789693717,1
"564",54.0502403899744,51.2554044984832,1
"565",55.2330621750173,55.6618591447291,1
"566",77.5168207152158,76.4458624409602,1
"567",65.7060280142782,67.1467914776085,1
"568",67.8808760635844,65.8805089354813,1
"569",64.4299974367218,71.9023351717836,1
"570",63.776532033043,68.7412490930622,1
"571",62.0784568664631,52.7822404556412,1
"572",52.5102763106383,44.4689939475197,1
"573",92.899740859055,89.2365119736313,1
"574",64.3162800567346,50.9181042826756,1
"575",80.599459355376,86.7982432652588,1
"576",52.0845317358134,62.0005404217237,1
"577",83.0037754756624,83.4260723012842,1
"578",72.5032579738889,83.2022367332085,1
"579",62.0463544701513,67.2308295205217,1
"580",76.1459400997388,78.8592450798383,1
"581",67.7144085939979,56.5441929958479,1
"582",76.3421984163217,70.0346642105488,1
"583",83.0438452754847,83.9408277845539,1
"584",76.4716209116199,75.4336596037201,1
"585",69.8390215979939,50.1624415512181,1
"586",68.4726399912084,69.6546105062818,1
"587",71.13100776916,78.1514381803049,1
"588",82.2608460478072,76.786954149109,1
"589",76.6190577831458,78.1081434640568,1
"590",58.7029814148561,62.5032617158282,1
"591",64.0588585449598,67.4350531874868,1
"592",78.4737026254513,77.8333864392457,1
"593",82.472309389455,86.3599488312677,1
"594",87.2579622650512,83.2993110580947,1
"595",70.660047679605,63.4981899527991,1
"596",71.8699002163049,74.2235081094295,1
"597",65.0449289926866,75.9248496140241,1
"598",71.2337153568699,82.3956244290989,1
"599",79.6113117618877,76.3316748381227,1
"600",66.4505509330247,63.8466390884286,1
"601",68.2853604432275,67.2509255377261,1
"602",73.865980022584,67.4029318793851,1
"603",72.4519554535919,76.4411175528115,1
"604",73.2715299372193,68.6565019420715,1
"605",72.5453956276191,73.9273865173256,1
"606",84.804938853996,69.8868636953136,1
"607",61.2360614644545,63.0127651558523,1
"608",68.5656016022305,61.9823668337564,1
"609",74.7134518110527,79.7593056506798,1
"610",64.6108736419076,66.3668090642665,1
"611",88.2605303617951,88.4067325035382,1
"612",61.1503196649093,59.160586658422,1
"613",68.8690569480754,74.9422284368745,1
"614",70.6814341033701,72.4558165424568,1
"615",80.352483998795,73.5366348344111,1
"616",71.7470554061641,77.1827299157798,1
"617",55.6411683120214,63.097705287884,1
"618",71.6627333326294,70.0095995930444,1
"619",84.212167421792,84.2209291081528,1
"620",76.4568289039196,73.0005939235093,1
"621",63.5221546197983,65.6446964513,1
"622",60.9128318230343,56.1827985945084,1
"623",64.0876154481423,64.0805580075047,1
"624",55.840961362013,53.8193379198445,1
"625",55.1358232478487,56.7814291657115,1
"626",50.9616007988577,54.6470467416627,1
"627",81.2159817278197,76.3151414757894,1
"628",68.4141691645656,54.7471940814499,1
"629",73.444943674214,71.1039868398404,1
"630",70.5728042469738,70.4750185987586,1
"631",69.410818530966,69.1559333531737,1
"632",62.486136443912,62.8366919537473,1
"633",70.9845380251355,75.0891101957831,1
"634",64.2140611439906,51.2453074492237,1
"635",86.4835917920236,105.272599960958,1
"636",67.1092746958929,62.0164922596475,1
"637",70.6965226743963,69.3416082262285,1
"638",78.3839634398227,70.7930980557838,1
"639",87.0683400136522,85.7996109607286,1
"640",79.2891144466027,69.3890968991782,1
"641",71.7628326570319,68.821427941268,1
"642",67.5656978353047,70.2286739667228,1
"643",55.4499534079355,57.5534985682519,1
"644",66.1095136132674,68.9184483045848,1
"645",67.0928958937637,55.740516406936,1
"646",81.5831445544224,81.5222696552325,1
"647",69.3672640735464,64.9677857575356,1
"648",80.5582390299955,78.4699254212111,1
"649",54.1666511295246,60.9651546251475,1
"650",70.4965530453612,73.0439496988019,1
"651",78.177202814716,70.8558729105399,1
"652",75.0271622687645,78.1355206114576,1
"653",70.855639178709,67.6397895011967,1
"654",61.5397931432879,64.2902539017346,1
"655",69.6490879363398,60.7417818639257,1
"656",68.3861532258497,68.2976009932223,1
"657",65.0757758590685,62.6777596592156,1
"658",69.6255848301289,71.7130982036648,1
"659",61.2732077410525,70.5135332475956,1
"660",72.5003409078452,73.8632404680265,1
"661",62.9639755694883,60.6400586395135,1
"662",75.4747582005977,80.8373127576086,1
"663",61.4985847525578,61.0581079170271,1
"664",65.2239866296993,73.0523725325733,1
"665",68.6132678401817,65.4927594574597,1
"666",78.0445429891609,79.0440387025857,1
"667",61.8638962307163,64.8654014539649,1
"668",56.5056856158667,56.0584890397956,1
"669",51.5057586699374,53.7957686017551,1
"670",74.8071131956959,77.5191761157447,1
"671",85.7934746874177,83.4438809119246,1
"672",72.2000891811386,74.9581482108525,1
"673",58.0157337874397,54.1854690173912,1
"674",82.9840488385089,81.9172350150841,1
"675",77.2948249287064,68.3907594534181,1
"676",61.1304618983609,67.9211773813606,1
"677",79.691906538653,79.2549450307485,1
"678",68.0904446830056,79.3707398479368,1
"679",78.9323879034259,67.7713858544748,1
"680",53.2109112224226,58.3123806308298,1
"681",75.4782068507559,76.6756848460995,1
"682",77.131639587975,68.5730138881126,1
"683",56.2228524303589,62.553023900674,1
"684",71.5685310772327,65.1157350386671,1
"685",56.7773038660475,70.3826430681217,1
"686",90.688341053153,84.5163771792852,1
"687",60.2945092142967,66.9445035506964,1
"688",76.8946495675286,78.7904830764293,1
"689",66.5440594254126,70.604105571688,1
"690",84.6236670198665,83.798024017063,1
"691",69.7221781903519,79.4044974963657,1
"692",62.7073254215302,54.3033785949368,1
"693",56.7245700255265,48.097022709393,1
"694",53.0738635374922,50.3397987969977,1
"695",66.2274778964905,66.882262557684,1
"696",68.1180991708062,74.5544663704296,1
"697",72.758293446896,61.5031119797993,1
"698",73.4351976828007,65.048536811706,1
"699",65.3405516565579,58.4394188236222,1
"700",73.2176859013176,64.6704974237573,1
"701",60.1249367116774,55.7343847881138,1
"702",67.6997210469286,64.3716658375768,1
"703",81.8789525136105,61.7385841401426,1
"704",60.3981304675088,74.863048360285,1
"705",70.1642577666633,69.7726492890525,1
"706",75.5561332661603,68.1458848743378,1
"707",63.1475546117837,55.718782274374,1
"708",75.0413764721434,83.5821743092103,1
"709",78.5091544195191,71.6412805056697,1
"710",66.8107564765933,64.2333846164266,1
"711",45.8780172157064,28.5897808944839,1
"712",82.5585325585963,80.883330062048,1
"713",82.8886820869617,73.178080311073,1
"714",61.9337044504924,66.7010263980937,1
"715",78.9826243266997,86.7362815612517,1
"716",83.9427874993702,69.2085624389983,1
"717",63.7634905518452,66.7250274771335,1
"718",69.4464623700547,78.3042320625731,1
"719",56.1194210617139,65.7057796189951,1
"720",73.5553587660238,70.0340572665668,1
"721",72.429781664475,71.2565127092277,1
"722",83.8308707172138,74.375599417603,1
"723",84.6819783342019,85.0471213315026,1
"724",59.8000719029881,66.1294406215747,1
"725",69.6840845886909,65.1235249675676,1
"726",71.7216534545292,60.9881262856119,1
"727",80.3242501747404,83.0181245747261,1
"728",70.4728573092907,73.3406025831619,1
"729",81.8451773588739,74.1094113213902,1
"730",48.0341757011223,71.921248368041,1
"731",51.8950581808352,45.867870916461,1
"732",67.825788797099,65.9357143814385,1
"733",91.0111840592499,84.9532643938585,0
"734",81.1042071575974,91.9071055835505,0
"735",98.956281670563,105.128764926265,0
"736",103.348814976969,97.0959375835718,0
"737",88.7935524700954,82.7761134102514,0
"738",93.7900149088423,99.828731865606,0
"739",94.448633465566,99.2082098911998,0
"740",94.3969647151712,97.2191057815291,0
"741",96.1242937575489,105.8209727005,0
"742",99.6196167572388,90.4443628498106,0
"743",103.995164711718,108.063823512651,0
"744",107.013591679309,110.810491323778,0
"745",79.1545798632636,91.2766116071546,0
"746",98.419034421618,98.9919254886875,0
"747",94.5880414514698,82.4642214796135,0
"748",101.947199823993,98.7882459878454,0
"749",90.4548586235573,86.8260502443516,0
"750",78.9215924547021,84.9703081711376,0
"751",81.3493115243859,87.1775977549984,0
"752",68.7516895646781,85.6696933339774,0
"753",93.256779612974,94.7713405055529,0
"754",82.6086925182806,87.3619044900446,0
"755",112.831110474424,117.46136118814,0
"756",90.8711538770108,92.9259365058033,0
"757",90.9939519632289,79.7252755344683,0
"758",76.3842379450337,91.9249109909283,0
"759",102.367866836158,108.089938364105,0
"760",76.232501024982,89.8803260452278,0
"761",102.773777583265,98.9536633331895,0
"762",92.9923513141678,89.4130586756134,0
"763",91.5821557224136,90.3534583521999,0
"764",83.8438650836606,91.5944185190866,0
"765",84.2944721003459,85.5123444173052,0
"766",79.8775269749265,76.0981428102713,0
"767",100.895556711964,96.5033146776059,0
"768",90.6189768248511,78.2422474620374,0
"769",77.6783597971702,88.224787340005,0
"770",92.3406140584225,95.3636517719801,0
"771",90.5315720748197,85.6131876048757,0
"772",88.3933745981672,92.0069225422599,0
"773",74.2065497009193,79.5323968556078,0
"774",68.9844780120575,67.1499695591638,0
"775",104.46539724657,104.641421301179,0
"776",89.6075221162627,102.417941730583,0
"777",96.16629688842,89.7966252167029,0
"778",89.0620592422337,81.4222472418503,0
"779",105.138838169423,98.9956587051362,0
"780",82.3494472247227,87.1317615550409,0
"781",94.7017182949973,96.5886327378445,0
"782",83.0850336769133,78.7741232175988,0
"783",80.5944913678696,81.1919599301641,0
"784",97.1137480915575,88.0549616869358,0
"785",93.8428504875902,94.6308636343142,0
"786",77.9365465144461,87.1019426600549,0
"787",87.0327112771325,91.5467033365655,0
"788",85.586849816759,91.50142292005,0
"789",89.4505011336356,84.0291948953722,0
"790",82.3495483533199,75.4282138324302,0
"791",110.265468096527,103.897024018611,0
"792",101.097647036697,103.0401441331,0
"793",107.249227391189,111.717749626669,0
"794",97.1433289585038,93.3189208278753,0
"795",83.4973541667683,85.4254179584341,0
"796",71.7186566770584,80.6788241241197,0
"797",91.8513168585951,90.37143571599,0
"798",84.4387148411618,81.8141265196303,0
"799",85.8639225734497,84.1615292523449,0
"800",80.0728558199673,89.3228439469933,0
"801",97.4713468767295,94.6421882524662,0
"802",93.1330088520798,90.2194151075921,0
"803",86.2895705674339,76.9584454844898,0
"804",88.2491842565562,91.2559557570408,0
"805",98.8484521299458,111.480862023569,0
"806",96.0367763513221,97.4940621443392,0
"807",77.0277527127196,74.7139297031079,0
"808",95.3790534343984,98.0836936885554,0
"809",86.9048445455853,83.505042901653,0
"810",78.4158548334417,73.9662408237842,0
"811",97.4161988891068,96.9581971047846,0
"812",96.4224121865887,91.8529560916109,0
"813",81.8967960734319,85.208204839512,0
"814",83.7221805220559,79.9311620551065,0
"815",92.8964199699435,84.4046450830871,0
"816",88.2631838583949,86.4376681747952,0
"817",91.6404967779876,94.7613969764247,0
"818",88.0252697355335,88.0535531942458,0
"819",91.6440682161083,88.1357476136148,0
"820",80.989962510153,82.6457456611638,0
"821",92.4519787396703,98.4705159575354,0
"822",94.2134203460726,104.32755765943,0
"823",91.112366713972,93.943275304214,0
"824",73.5013687657859,77.5221705438377,0
"825",84.8737439031183,94.129874297763,0
"826",84.8007320843322,88.9790372191002,0
"827",91.3229115178246,99.482780212064,0
"828",93.8931944307587,86.9647019151217,0
"829",74.9799989475804,78.8270904739856,0
"830",86.5780389010871,93.6764323933271,0
"831",90.6605349294248,94.3906660132825,0
"832",100.211060194902,94.482051640295,0
"833",87.5634153638882,87.2186045971124,0
"834",83.7884389682111,90.333738294791,0
"835",76.3098450311165,88.39326987652,0
"836",90.5147300834589,87.1585835330938,0
"837",96.0827975906961,94.7388305362714,0
"838",91.8783230662912,88.2681394375252,0
"839",90.9856214751859,84.9445535499758,0
"840",104.983460864926,106.545671685791,0
"841",77.6974530483922,69.5668057076094,0
"842",82.3976435717148,90.0626626718486,0
"843",95.9215535947405,92.6891738308448,0
"844",63.3510387139497,75.2463991359588,0
"845",87.2621389079697,76.1068437446331,0
"846",88.4514514620497,88.3217351414455,0
"847",83.0729579233775,82.0127308335713,0
"848",88.0933164630161,94.3091322314353,0
"849",74.9244577061778,60.7051788722197,0
"850",104.098112360833,94.1337222155401,0
"851",107.500670580673,96.3092713656908,0
"852",63.8503245202433,63.9084713238679,0
"853",104.989929828902,100.459487697986,0
"854",90.9545557519335,95.470386177788,0
"855",67.0662431277011,75.0880977762541,0
"856",87.4184969536918,91.352573660178,0
"857",101.954739866836,103.561716033822,0
"858",85.4004450564713,83.2192468501321,0
"859",79.0585867698344,99.2949999723409,0
"860",83.1063628916432,88.4602674657433,0
"861",80.987855336856,82.7592428189636,0
"862",85.183249046004,88.1406286257366,0
"863",71.0853140835475,73.2071499132832,0
"864",77.2512026833707,81.1182729081013,0
"865",107.651935380438,94.347406247265,0
"866",92.5977387464632,97.1606443591671,0
"867",78.4854837045741,76.6834893932303,0
"868",85.1726593350176,86.2359755803454,0
"869",96.8966278497046,91.1822651101054,0
"870",96.6563097038775,98.45883528624,0
"871",89.4342867847044,88.5610512135222,0
"872",92.4270521842194,92.0210711910801,0
"873",98.66219916481,107.355169984645,0
"874",92.2697946568805,100.802629104315,0
"875",90.350423729836,103.66401612945,0
"876",92.2869989267908,89.5603001945724,0
"877",82.6541422095891,88.6165890196947,0
"878",105.39120524423,83.0877437080263,0
"879",96.1395514669316,99.9808445367513,0
"880",99.7310698398044,86.7680213710054,0
"881",88.2669260773213,90.6302104772817,0
"882",92.2888337435689,82.7831256025956,0
"883",94.7210094587265,99.9154943800187,0
"884",82.7811176168626,75.7369727784203,0
"885",89.8817266801487,92.1885725209096,0
"886",83.2534401285041,79.9824938076957,0
"887",71.849316688672,72.0981106189964,0
"888",77.2705744952857,79.8673368829203,0
"889",81.7045904282667,84.4718226455135,0
"890",98.0753931838213,95.9546887783868,0
"891",80.5153481981234,89.327505416064,0
"892",96.4427880966246,101.542776579874,0
"893",89.610173404642,92.2088379911373,0
"894",85.9333235979122,84.2500785129699,0
"895",93.1368280888115,100.659357026999,0
"896",85.1389997791629,91.148128141587,0
"897",88.9671973255597,87.2682233738643,0
"898",105.575948742126,99.2583161178533,0
"899",94.4586688639417,83.812119119203,0
"900",83.7855124732081,81.6902578261268,0
"901",92.4607466708098,97.2410394572804,0
"902",108.350154858299,117.586557598988,0
"903",89.9247145706855,90.9153795239823,0
"904",73.9537024344024,68.4750730788075,0
"905",89.6521143722613,82.6446949534419,0
"906",95.6070727709784,89.2357623234492,0
"907",89.7706901617431,92.4384898666494,0
"908",84.5851423964864,86.6462870426425,0
"909",94.8843336538414,92.3439425711137,0
"910",79.298492689576,76.7456757405024,0
"911",103.363162304788,97.9184319476212,0
"912",81.7563138707971,85.0434308769574,0
"913",100.906861146758,101.830722122643,0
"914",85.8013758302532,85.8103201701228,0
"915",68.4873522971493,79.4677241586952,0
"916",108.136598108651,99.6396802821584,0
"917",105.994572569517,112.466955538829,0
"918",93.7404410368744,94.6870634175702,0
"919",86.8115247358005,93.990442697512,0
"920",94.5977259551561,87.6912269558067,0
"921",95.5327589016768,98.7964918420996,0
"922",98.7755045075158,100.625388203959,0
"923",102.88227971917,93.9215035299639,0
"924",88.991439891249,78.5039582654328,0
"925",89.1016765389687,86.6527505447687,0
"926",81.3179606967804,79.8295882782433,0
"927",83.5490946313974,86.5989254268582,0
"928",74.9830650107977,83.8433836636193,0
"929",95.1149401360078,103.804133006243,0
"930",95.299830249007,93.5820709073337,0
"931",77.6298226468205,84.8537882019466,0
"932",86.1251531684212,87.5114142891412,0
"933",81.2737456565252,89.9493703028937,0
"934",74.8944335315167,85.0460423923177,0
"935",81.0585704348806,84.1860230170612,0
"936",87.0842580639572,93.3832541195597,0
"937",100.568629426069,99.0966500038823,0
"938",91.8212718846265,94.2347989630201,0
"939",99.2213174271267,103.564227856289,0
"940",75.9692340769454,77.6947739854448,0
"941",87.8397189317471,85.8252432947981,0
"942",88.4549190833604,85.2664987371725,0
"943",93.9812973728716,102.76276160533,0
"944",81.3255099256222,85.0429332557945,0
"945",81.122952636418,82.2053263671752,0
"946",86.2621135236361,93.1175909407788,0
"947",85.075933950262,100.02054361927,0
"948",92.7072719770793,84.7522696350473,0
"949",87.5280245248131,94.3732102679604,0
"950",100.73619430087,104.821818520343,0
"951",93.276028113671,85.5747829765478,0
"952",92.0788380144277,84.9200196170556,0
"953",100.700216602436,99.0662759719523,0
"954",84.7146180909773,86.3778763067428,0
"955",89.556333438086,88.4065388535559,0
"956",89.0456988781835,77.6719557549163,0
"957",94.7123128032399,97.9592521462582,0
"958",83.0511107339752,80.7432902938047,0
"959",91.6051293499308,95.1857107005989,0
"960",92.5459923358143,89.4556152888505,0
"961",87.4010332758759,88.3276078163912,0
"962",112.504599909964,107.691257726533,0
"963",76.8521657636491,81.6449274403186,0
"964",90.6525693109035,88.0775804565277,0
"965",92.1473167785097,100.083180203578,0
"966",89.2467635492105,83.9113789058671,0
"967",92.329543077492,88.61889452087,0
"968",94.8690894039295,90.1277892933319,0
"969",88.4347397056557,90.4276388759558,0
"970",108.400842743009,107.658578860562,0
"971",94.983806164052,92.1763981987475,0
"972",77.7438560123325,74.3646572840015,0
"973",94.8084414906447,100.337145663343,0
"974",99.8338519186429,109.042335959828,0
"975",105.964946862757,105.371248122158,0
"976",96.1406847356612,101.839213896664,0
"977",85.4939979103574,85.426961579793,0
"978",90.4740319893563,91.2380617302926,0
"979",103.739720854826,99.4936030763672,0
"980",84.8873991662508,72.4845710230735,0
"981",92.4452114431899,93.6091585565886,0
"982",86.8703802907991,90.1259479434665,0
"983",92.1923655962973,94.5399704458761,0
"984",86.1064475634336,75.9099377574748,0
"985",89.0042904506841,87.4570918627717,0
"986",91.9922343630399,94.8386977503948,0
"987",110.193719523306,113.987881815844,0
"988",106.787789499976,105.997960950849,0
"989",92.1600711880467,105.49941717992,0
"990",98.4549482380641,99.718896436804,0
"991",96.3412615629448,99.65719461661,0
"992",90.1335974563561,82.265535676053,0
"993",96.3892185014391,94.3820616204484,0
"994",67.9178857417739,78.86740192519,0
"995",76.6747950341374,67.7582335910988,0
"996",102.991883940323,89.2387168999828,0
"997",91.781101803088,94.3747957290553,0
"998",112.416104165422,104.147020411032,0
"999",97.0554980969266,95.2255026190753,0
"1000",90.0569397765946,85.1577452095154,0
"1001",90.3559935740601,89.3881886504745,0
"1002",89.271811159022,94.0088946815451,0
"1003",72.2221129279739,72.7118976710426,0
"1004",74.0343256946999,77.3168460295307,0
"1005",79.6246427510265,76.8618322797636,0
"1006",80.2562353936857,81.8600841583024,0
"1007",95.1051621391856,91.8733386258525,0
"1008",84.5883684755385,85.2517255473137,0
"1009",83.4462879443669,93.8506330736013,0
"1010",91.8113229478133,95.175605513602,0
"1011",78.0142935116559,67.8461496826188,0
"1012",73.7810165504508,72.5830049608585,0
"1013",83.8543348690906,83.5076018056817,0
"1014",101.118204518531,98.4822705190325,0
"1015",95.3892791742708,82.8588675392706,0
"1016",86.6426758149133,87.0238249058304,0
"1017",94.2846171306541,74.8940510442058,0
"1018",95.7795357563071,100.052077860682,0
"1019",83.6888487040892,80.6014452477435,0
"1020",86.6149858945999,94.6652638833423,0
"1021",93.1340003811097,85.6927123121164,0
"1022",66.6119652049126,77.7244845388107,0
"1023",91.9163426293612,97.3428620272224,0
"1024",90.9616598970425,85.2145416251738,0
"1025",76.3131265230827,76.1364599190174,0
"1026",100.464733111837,103.084986709657,0
"1027",103.129046318153,92.6573253326997,0
"1028",99.4875751156961,92.5242608624842,0
"1029",79.2264725253391,78.8268730744512,0
"1030",109.799163290132,104.017440334895,0
"1031",99.548176016984,97.9871275585656,0
"1032",92.1691516192799,90.6458547892163,0
"1033",78.7152900319347,81.1388140742423,0
"1034",99.6166421208479,102.860773210828,0
"1035",71.4151059729113,70.8006425547765,0
"1036",88.2777342705129,78.4375092249458,0
"1037",93.0196131827108,88.85018257366,0
"1038",83.2540378911227,90.2558946132831,0
"1039",94.3761463496918,87.4833049443605,0
"1040",87.0842806020841,83.2823230684709,0
"1041",97.9779506567232,84.0765427129544,0
"1042",90.7713519056019,93.5425993261421,0
"1043",96.1183832752228,94.3421173752104,0
"1044",92.683047626866,99.7880301248246,0
"1045",105.090818313074,99.5249380406072,0
"1046",83.2754807270769,80.8259354202943,0
"1047",76.8685719849684,68.1575330895855,0
"1048",88.1386113489582,79.7153868600506,0
"1049",92.9757381455892,94.8382051791925,0
"1050",81.0418416162696,87.1926612625139,0
"1051",87.9738186650546,87.6267248249066,0
"1052",77.3919349110643,83.0768398832556,0
"1053",95.1318941966206,99.0754329833676,0
"1054",98.7665583749716,95.2799996522493,0
"1055",69.6735539915596,73.3166169446716,0
"1056",88.4222720213786,85.3051132182347,0
"1057",72.6962930835134,87.274428009709,0
"1058",87.5622898429117,86.7567268382985,0
"1059",73.7403318653894,80.3543531144184,0
"1060",99.7587303251064,89.348812669378,0
"1061",89.3015396682445,93.177868444367,0
"1062",104.082746090469,98.0014786069472,0
"1063",97.5654332995506,94.3240698530239,0
"1064",75.0333049921525,74.4416871742785,0
"1065",91.7170825319586,92.6401126436815,0
"1066",70.6834014374585,84.7258209346664,0
"1067",91.0934173993604,85.5756485075794,0
"1068",93.0742333279989,96.7596068133648,0
"1069",71.6682868740334,79.9205076368556,0
"1070",92.9554259438631,86.6748828820103,0
"1071",91.7051706225951,111.096827691912,0
"1072",83.6272879797973,80.9726734367545,0
"1073",69.2240393239342,61.8362291171995,0
"1074",81.6432481129116,83.1870406456971,0
"1075",88.6049661143449,93.6476023957542,0
"1076",97.6600267238996,102.82386013475,0
"1077",83.4643766392953,93.4897523713243,0
"1078",92.1111515286014,107.544629416223,0
"1079",102.764212097641,97.3440557057201,0
"1080",79.772907054735,86.2205009696886,0
"1081",89.6508257700552,86.5196014887524,0
"1082",98.2642569795592,83.0109702537122,0
"1083",93.9152478526475,101.001788712946,0
"1084",81.6046248830462,95.5919364233156,0
"1085",93.426038272637,96.5744401619136,0
"1086",96.0400399003384,100.1728104323,0
"1087",88.9803600252219,93.6712904634422,0
"1088",70.685229316063,71.218855501259,0
"1089",83.4724947521183,88.3456980300922,0
"1090",108.008824953527,108.757465883416,0
"1091",86.0785244924183,85.1505127625591,0
"1092",90.0180247305922,76.4932893956151,0
"1093",88.9784241513652,86.6790919201808,0
"1094",83.0343781247369,82.7308371208384,0
"1095",104.622968305549,98.0950300507809,0
"1096",84.6753549911409,81.5871856705162,0
"1097",85.0929059224475,83.7164395302485,0
"1098",88.6035989562382,94.3275527529064,0
"1099",86.2678480740666,95.6214017524604,0
"1100",95.7818232865419,91.9392095418007,0
"1101",79.2450384955423,73.870216139292,0
"1102",86.3033641055068,79.5940624849976,0
"1103",106.05430461724,106.972763355483,0
"1104",91.3214332484542,95.7323641957161,0
"1105",93.4071342616622,88.6468342257361,0
"1106",86.6494205097413,82.8726251378805,0
"1107",93.5569056100496,90.4843471108662,0
"1108",110.742970207099,101.180269354258,0
"1109",77.6121121457885,79.7872963580114,0
"1110",79.2052941033618,86.1556172458675,0
"1111",82.9574291017688,81.424374865686,0
"1112",109.782526386739,112.433871442877,0
"1113",85.869909064827,92.1408330413364,0
"1114",99.8836454879041,104.454183553637,0
"1115",82.6560171734023,81.0206227053385,0
"1116",91.4591268952891,92.6855255091811,0
"1117",107.017676799394,115.578361187921,0
"1118",95.3999304753627,91.296164208822,0
"1119",99.5762882779276,98.3060720951702,0
"1120",74.1116995094114,78.6321769848563,0
"1121",83.2937314401236,93.4671630907315,0
"1122",88.3964854239341,91.9250446039887,0
"1123",74.2608614588773,71.220723967308,0
"1124",83.9921311673392,96.2574490924468,0
"1125",99.7781049958797,98.2838518063044,0
"1126",89.9516131197511,80.291407204256,0
"1127",84.7830968282629,77.0313342285177,0
"1128",87.1837750156987,80.7000163727958,0
"1129",79.8835074441545,91.1385386895362,0
"1130",91.6735894005873,97.8963547536,0
"1131",107.93880424377,107.012506560108,0
"1132",97.4355400246856,97.775427787032,0
"1133",88.2802595246922,102.265440566991,0
"1134",97.1455798894148,97.0302444538554,0
"1135",86.039820307728,89.7930917343902,0
"1136",83.4319760919205,85.8892412404286,0
"1137",71.7431177005135,78.4876239893523,0
"1138",114.183874418692,107.585819586952,0
"1139",82.5438789754112,85.1337160127399,0
"1140",79.404815092,88.7873868878417,0
"1141",102.001583129024,99.6658625490107,0
"1142",84.8911506753522,82.3599092361651,0
"1143",66.0343868829646,73.478412108105,0
"1144",75.6901801701055,81.9254712782845,0
"1145",67.0939375948975,76.9516465841204,0
"1146",89.2997777577077,91.0507947947217,0
"1147",83.9950253156195,78.3559790311993,0
"1148",84.0735837268597,75.5778929818482,0
"1149",100.467475210651,102.7149621998,0
"1150",74.5922216356705,91.3671173473538,0
"1151",79.5745643346086,85.4293985545125,0
"1152",85.7226078229376,89.5996065768149,0
"1153",86.5071695249801,104.242390499757,0
"1154",79.3490315534073,84.5169814296713,0
"1155",76.1929395168467,78.928532849115,0
"1156",84.9591546101089,86.0139784216838,0
"1157",78.846160946678,96.096673665514,0
"1158",80.2950728022453,75.2756495437782,0
"1159",84.2292279282976,99.3927040281699,0
"1160",79.5504445444134,78.9565334670515,0
"1161",92.2219724469979,103.182233712911,0
"1162",77.6618862018838,83.4597807345579,0
"1163",84.9772890973857,82.3467729494182,0
"1164",99.1319637796537,106.894128086054,0
"1165",82.7735175458686,84.2712737837694,0
"1166",75.9181657442798,85.9203084947661,0
"1167",87.810156411607,89.5665104253593,0
"1168",86.6537650626396,80.6361726981762,0
"1169",95.0412311180085,97.2135143166625,0
"1170",109.810477211745,92.8237930885767,0
"1171",68.89472951808,65.4566096012399,0
"1172",95.3943992788662,101.701341991437,0
"1173",80.562436240259,83.2748223826835,0
"1174",92.6028248738293,90.277084983156,0
"1175",101.087551684534,95.7044290816452,0
"1176",82.1365925338092,82.8669121614237,0
"1177",91.1069668700868,82.9088121371833,0
"1178",87.2021562291077,92.3771621202501,0
"1179",101.823317054304,101.748750343928,0
"1180",89.2916207773422,91.8267333207977,0
"1181",66.3150361116597,71.0685682441984,0
"1182",78.5560839111618,87.5214737567624,0
"1183",93.0286590634593,90.8804129076537,0
"1184",81.618076757892,94.1880481506155,0
"1185",111.770137133886,100.588187248012,0
"1186",99.1943814927613,101.918590648445,0
"1187",87.168452216238,85.9835662779825,0
"1188",79.9500099824425,72.8700044552654,0
"1189",86.4289291886636,98.0025418800929,0
"1190",79.5889147321342,78.6952932673829,0
"1191",92.0029028399135,90.2266828450638,0
"1192",89.9853144666339,79.9573213014423,0
"1193",73.7877009151653,71.4873613170878,0
"1194",92.6693049570829,89.6201473481836,0
"1195",72.2718659989356,57.9456648075521,0
"1196",74.3172477775867,77.4907108888535,0
"1197",92.9297925408399,83.6623870046349,0
"1198",103.627942917582,92.5505670801672,0
"1199",96.9826867251468,95.4725103985858,0
"1200",91.7323917007346,85.909737251513,0
"1201",96.3759211345305,99.8183393552421,0
"1202",87.4528482534057,93.0686321656642,0
"1203",70.8237692903023,66.9833516932567,0
"1204",87.1942936225943,84.5261024998486,0
"1205",92.6395411787818,91.0849289782755,0
"1206",98.9769750106754,103.819078693921,0
"1207",88.1566135799524,80.569518732505,0
"1208",80.0831157977799,82.7459398779115,0
"1209",84.3649011408715,82.7406079302046,0
"1210",93.832646153076,100.592826584764,0
"1211",85.6512118059926,84.2602151285465,0
"1212",80.3702832244242,73.8905652524536,0
"1213",75.0703225801203,75.215728042596,0
"1214",95.2877838570364,88.8678643756306,0
"1215",85.6955422265484,95.0125765886302,0
"1216",89.9453845265364,82.9153352543801,0
"1217",93.9961362832631,78.3963247293542,0
"1218",113.93661134617,110.100799486146,0
"1219",85.6963512248256,81.0957843134298,0
"1220",87.9755413600744,89.8081152015218,0
"1221",80.9734483755435,93.3425967995319,0
"1222",86.4048503760922,86.7449170616898,0
"1223",97.9684727744873,93.8050995578806,0
"1224",84.9410665308168,84.4988070168046,0
"1225",82.8753959952836,89.4330702425681,0
"1226",82.7713432992597,90.1640116728381,0
"1227",93.6379982114083,105.598320432469,0
"1228",98.4731924922875,96.3218877174464,0
"1229",83.3233482390772,80.2415215975765,0
"1230",101.288734011514,104.548431913527,0
"1231",95.9174644832404,101.870249410905,0
"1232",84.2010937956903,75.5666471326289,0
"1233",82.3960329114082,81.3610510217853,0
"1234",97.5032271241133,95.1928902284395,0
"1235",87.7202417785889,98.0678276862856,0
"1236",102.840398245309,103.043307583313,0
"1237",68.3589801104927,63.6113331691021,0
"1238",83.3141708952068,87.9141099793035,0
"1239",72.9329734985932,72.1457766914508,0
"1240",74.8660244292636,70.1489988447618,0
"1241",88.1631681182876,89.135031044267,0
"1242",94.994388754624,84.4120105605191,0
"1243",93.5063321682756,100.351834146224,0
"1244",75.3824605304084,74.3560104658464,0
"1245",77.2747471958602,80.3913354135892,0
"1246",76.1646927189264,66.5125452370648,0
"1247",103.978461603967,101.506864611198,0
"1248",88.206742544615,74.9197130260761,0
"1249",81.3814328092222,77.0969323632622,0
"1250",90.232109714208,80.4188062940089,0
"1251",84.3670422999615,80.8834227654478,0
"1252",90.0926379596933,86.4264210928121,0
"1253",89.7208114834875,86.6805929610437,0
"1254",88.0202352719876,91.2315285899192,0
"1255",85.9566376886794,88.9217335991762,0
"1256",91.2102006193247,90.1868120160285,0
"1257",66.1547527191009,74.5511147193035,0
"1258",88.0113545883042,93.9479222509527,0
"1259",79.4853329608383,77.9819395048752,0
"1260",74.29424519174,70.1349443160641,0
"1261",106.380320212792,105.746442573091,0
"1262",89.6766488071383,100.878431622653,0
"1263",108.037452731503,105.673288095667,0
"1264",94.8191067851767,94.5708105962395,0
"1265",86.696708893101,82.173460265777,0
"1266",80.9442235565246,86.7128815027513,0
"1267",86.3680183379134,72.6123928987381,0
"1268",86.3810675966788,73.7632819878324,0
"1269",92.4262424638137,97.9826959659744,0
"1270",79.5377395278882,75.4990276867827,0
"1271",70.1740376354358,76.1378327558153,0
"1272",72.428379813738,79.0288227468545,0
"1273",102.06480246978,91.2876339409048,0
"1274",91.5123911340862,91.7488346671307,0
"1275",104.535637571978,103.35631808899,0
"1276",111.515602684477,95.8906738869522,0
"1277",94.3194743791611,79.3184301176623,0
"1278",78.3690322856698,73.6651725589512,0
"1279",92.5226998995517,91.7608681986403,0
"1280",76.612723821884,68.3864443152822,0
"1281",79.0539060278969,82.9407836845588,0
"1282",90.7462171145054,93.1225109599986,0
"1283",82.7503294680429,80.3593862035545,0
"1284",89.977869490079,93.757277466674,0
"1285",84.3270470394113,88.3486388456982,0
"1286",86.3416482577529,91.4011959147774,0
"1287",71.9138226454834,79.7778221963129,0
"1288",72.5116555179236,73.5809531689845,0
"1289",90.7853411034796,100.649125816905,0
"1290",86.2177242206179,82.905690942302,0
"1291",85.5480840609233,95.2114712377432,0
"1292",81.0124416638081,76.1059888870845,0
"1293",88.0888672040251,85.3598891427208,0
"1294",73.152351005234,71.0050587378761,0
"1295",80.956938958442,78.4600523706821,0
"1296",95.0279481075822,95.8089041824197,0
"1297",90.1499897536821,86.5130920448662,0
"1298",83.1553441832242,80.4738562173321,0
"1299",87.5667790816665,92.5298986097097,0
"1300",93.1113567603768,84.1212000949983,0
"1301",91.0394873749765,97.219280253202,0
"1302",101.771822564614,89.500405953977,0
"1303",89.2458981047627,85.7552064474752,0
"1304",95.0846319291786,97.9692625082392,0
"1305",107.787356715316,106.353312037047,0
"1306",79.4550427995328,78.3346185302757,0
"1307",108.241588327276,105.123085931148,0
"1308",87.8084056835155,99.4923271646343,0
"1309",77.3172738017856,82.2809494629338,0
"1310",80.3633074763239,79.1232778740588,0
"1311",86.2782491427589,85.3775025594492,0
"1312",88.9369533830196,88.9560521974323,0
"1313",105.756150148417,102.453865160271,0
"1314",88.4604343458279,89.132249364275,0
"1315",89.3491202856276,101.184351221113,0
"1316",99.4743118404999,92.1621397627095,0
"1317",78.4614663387649,78.6436857683582,0
"1318",89.9546452237621,87.3503712532529,0
"1319",85.9168460562848,90.5845599297078,0
"1320",78.978436194686,78.7017090158043,0
"1321",86.2251356116672,88.5953324551324,0
"1322",100.135246770859,99.4172899928053,0
"1323",101.290953493498,99.4400331402711,0
"1324",93.4513837767066,92.4137935960199,0
"1325",94.7865156610075,97.0457378827322,0
"1326",97.3754117748447,98.6559515511407,0
"1327",100.958920499317,98.0913217526795,0
"1328",92.4899039584084,96.7811353174279,0
"1329",95.8724798529444,94.4223827000378,0
"1330",73.3013000504657,71.7737815254188,0
"1331",84.0585264713047,76.9482442584601,0
"1332",92.491118341813,89.7820787515978,0
"1333",104.969476238619,93.0170266727064,0
"1334",95.7703224018122,84.5963522351823,0
"1335",64.1456773829647,73.2549424188166,0
"1336",77.7587895995688,82.7634490346778,0
"1337",109.911566170992,108.718174693524,0
"1338",86.8793724496602,83.4684431115435,0
"1339",108.148888636401,117.651482709559,0
"1340",104.205915753168,98.1740084645778,0
"1341",103.77184681699,88.7123556203492,0
"1342",77.8941415165306,94.443837178205,0
"1343",73.1658295852122,75.041541599068,0
"1344",101.948767317108,109.035792035217,0
"1345",109.013689131307,106.739820378511,0
"1346",73.5571713542662,83.262197477372,0
"1347",112.249732422794,108.896577363463,0
"1348",92.4563429815284,84.4705708690412,0
"1349",84.8463282200913,77.2909682404606,0
"1350",100.250835211971,112.361979801652,0
"1351",94.1103430046848,105.089030407387,0
"1352",82.85336191096,97.9301937426904,0
"1353",76.6646766837944,88.4725105367418,0
"1354",84.4093443579914,90.8849107538239,0
"1355",88.7767465178335,84.694888356799,0
"1356",78.6989326094115,83.5995181022271,0
"1357",91.2663863135555,91.2965004620217,0
"1358",91.1235754489713,85.7944636250584,0
"1359",86.9770249341202,90.1961325421148,0
"1360",91.3025073251958,87.6202798127603,0
"1361",80.8469239639928,70.1750493200407,0
"1362",91.9254994416951,96.7567047908473,0
"1363",82.3559147092245,94.1278314965233,0
"1364",104.246355038665,91.9459041088393,0
"1365",81.8775776916075,70.5258940174433,0
"1366",90.2442454060174,83.1241348658409,0
"1367",96.809093611939,87.6464936396053,0
"1368",84.7624227352722,92.882141030624,0
"1369",76.2258895805631,80.2292616497479,0
"1370",68.8753832814074,77.0813186434069,0
"1371",93.2463887300319,100.118656152052,0
"1372",84.8682384974476,91.9248553229477,0
"1373",91.5071543518614,90.8809589870523,0
"1374",87.7495906117278,90.21661692501,0
"1375",88.537153649653,86.4655661326288,0
"1376",83.2374230234416,91.7454042877364,0
"1377",92.9804779519204,73.4249479696845,0
"1378",90.4832608620543,94.4965989334377,0
"1379",87.8537860450385,88.582184337632,0
"1380",79.2374831773858,83.7971404917881,0
"1381",97.4246204902448,97.9859830628551,0
"1382",97.3292881063296,106.19500279362,0
"1383",83.1009149012123,84.0707289502182,0
"1384",74.6223639920238,83.6686532124531,0
"1385",102.964705302723,89.4060252820015,0
"1386",97.0764885840354,98.6486639236756,0
"1387",99.8528136614201,95.1916726330245,0
"1388",96.4084689722233,112.59465874044,0
"1389",102.426019180638,92.898398259066,0
"1390",98.4176720466029,94.2201778132948,0
"1391",78.9785220751727,89.5926726072615,0
"1392",100.223771037853,100.939265786603,0
"1393",97.2656709069143,90.4846725445997,0
"1394",87.8675360150744,71.579971385428,0
"1395",99.5235233042326,101.760719124632,0
"1396",79.4970359078959,70.388697075569,0
"1397",89.5358477877968,87.4734706571068,0
"1398",98.1868858137677,92.3480682783485,0
"1399",96.3636929989979,94.1490847489479,0
"1400",85.7281932963248,84.1010859193114,0
"1401",90.670855748765,93.7114232156234,0
"1402",87.5979888105275,88.5179402069157,0
"1403",88.3003117017702,84.8907667028262,0
"1404",86.224609699591,88.4952647503895,0
"1405",76.241052959045,73.5746769467916,0
"1406",92.9593238540274,93.0969826065566,0
"1407",96.7983256637863,92.5440494371274,0
"1408",90.8770185531854,93.511442726733,0
"1409",103.971379889648,98.2552778475569,0
"1410",80.3791767222676,80.7704470363072,0
"1411",88.0070634683695,77.8830624616387,0
"1412",92.9519236442832,89.7059874573417,0
"1413",78.3199407147043,77.3809389132521,0
"1414",81.7881437567292,90.118394811798,0
"1415",75.0942825404082,68.4191097921117,0
"1416",82.9787786018846,90.9074727474639,0
"1417",84.986871888044,101.717755896117,0
"1418",98.9444799469258,86.2830486156966,0
"1419",92.5342709938202,95.6690631018878,0
"1420",104.376719999175,93.7103749558813,0
"1421",100.952386501431,101.415715349109,0
"1422",105.101168390621,109.066283375843,0
"1423",91.8633555361802,93.8901909405508,0
"1424",79.5454080998373,68.5732189684937,0
"1425",74.4635804829064,88.2837737083637,0
"1426",108.189448017809,93.8332730182781,0
"1427",90.9240333314182,94.3725272699249,0
"1428",74.0105866823817,82.7212328607851,0
"1429",86.9764065373514,73.7751508967502,0
"1430",98.1921873802913,106.529690883386,0
"1431",86.2777711281122,80.8494110503397,0
"1432",80.0575815897522,84.8503055749184,0
"1433",81.5054650361927,94.5757530854208,0
"1434",102.743118161185,100.161853582006,0
"1435",94.7991631148254,100.348859812131,0
"1436",88.2116374177915,78.9616541767819,0
"1437",85.3036067287299,89.9049712372975,0
"1438",84.4521307223918,85.2506763312866,0
"1439",68.0026009622064,71.7588139031845,0
"1440",83.3866453444791,84.553397597031,0
"1441",101.337270837442,97.9899279989707,0
"1442",87.0645848762097,93.9076283025416,0
"1443",72.1228163014121,87.1702658136958,0
"1444",91.4597414642676,96.7124493908508,0
"1445",105.08790141788,102.94333452276,0
"1446",104.400657501224,100.56523148818,0
"1447",87.9879671500836,82.3133947092273,0
"1448",77.4783798500716,70.1810388179552,0
"1449",91.560906818023,81.6647246790864,0
"1450",83.7330480311683,80.3214333486386,0
"1451",87.8647834485836,86.8922055341901,0
"1452",71.7951851653543,71.2538272356267,0
"1453",115.498067723142,122.326330573637,0
"1454",91.0847606538221,82.2251458870618,0
"1455",95.3523532380997,101.844449505933,0
"1456",90.2751168327888,102.243925599209,0
"1457",106.862351123757,90.6276362889125,0
"1458",97.3215869946084,100.674873922475,0
"1459",76.5998626087766,77.4594677566544,0
"1460",84.2976897514838,94.1989527243813,0
"1461",104.346397638094,102.20319276221,0
"1462",95.9639996196288,96.0017255911658,0
"1463",97.2784696059782,99.8250692080527,0
"1464",106.896686362976,95.8798747718443,0
